Name,Age
John Doe,25
Jane Smith,30
Michael Johnson,22
Emily Davis,35
Christopher Brown,28
Amanda Taylor,32
David Wilson,29
Emma Anderson,27
Matthew Martinez,31
Olivia Miller,26
William Jones,32
Sophia Taylor,24
Daniel Davis,36
Isabella Martinez,23
Ethan Moore,30
Mia White,29
Alexander Robinson,33
Ava Thompson,28
James Harris,34
Emily Thomas,27
Nicholas Adams,31
Grace Turner,25
Benjamin Lewis,33
Chloe Turner,26
Andrew Wright,28
Elizabeth Hall,34
Joseph Allen,29
Samantha Young,31
Christopher Davis,27
Olivia King,35
William Robinson,30
Abigail Brown,29
David Baker,26
Sophia Jackson,32
Joseph Hall,28
Emily Moore,34
Daniel Lee,27
Grace Johnson,31
Matthew Green,25
Ava Lewis,33
Michael White,30
Ella Turner,29
William Hall,26
Lily Turner,32
James Harris,28
Charlotte Wilson,30
Lucas Young,34
Emma King,25
Christopher Wilson,31
Sophia Young,29
Jacob Harris,27
Madison Smith,35
Daniel King,33
Ava Allen,26
Alexander Robinson,32
Grace Adams,30
Ethan Turner,28
Mia Robinson,34
Noah Lee,27
Sophia Turner,31
Daniel Green,26
Chloe Davis,29
Michael Thompson,33
Ava Davis,28
Matthew Harris,35
Lily Taylor,27
James Anderson,30
Olivia White,26
Logan Allen,32
Emma Turner,29
Christopher Wilson,34
Sophia Young,31
Andrew Turner,28
Charlotte Hall,33
Lucas Lewis,27
Ava Adams,35
Mia Thompson,29
Ethan White,30
Lily Turner,26
Alexander Allen,34
Ella Taylor,32
Benjamin Wilson,28
Grace Robinson,31
Jackson Harris,27
Sophia King,30
Daniel Turner,25
Emma Turner,33
William Hall,28
Olivia Wilson,31
Jacob Adams,26
Chloe Turner,34
